{"cmat": [[164, 110], [96, 864]], "f1": 0.8934850051706308, "mcc": 0.5080949541993006, "accuracy": 0.833063209076175}