{"cmat": [[175, 99], [101, 859]], "f1": 0.8957247132429613, "mcc": 0.5320959487176331, "accuracy": 0.8379254457050244}