{"acc": 0.853322528363047, "pre": 0.8906720160481444, "rec": 0.925, "f1": 0.907511497189576}