{"acc": 0.853322528363047, "pre": 0.8875621890547264, "rec": 0.9291666666666667, "f1": 0.9078880407124681}